melspectrogram_images\0.png,4,03
melspectrogram_images\1.png,6,03
melspectrogram_images\2.png,0,03
melspectrogram_images\3.png,4,03
melspectrogram_images\4.png,6,03
melspectrogram_images\5.png,5,03
melspectrogram_images\6.png,0,03
melspectrogram_images\7.png,0,03
melspectrogram_images\8.png,3,03
melspectrogram_images\9.png,4,03
melspectrogram_images\10.png,1,03
melspectrogram_images\11.png,6,03
melspectrogram_images\12.png,5,03
melspectrogram_images\13.png,0,03
melspectrogram_images\14.png,3,03
melspectrogram_images\15.png,4,03
melspectrogram_images\16.png,6,03
melspectrogram_images\17.png,5,03
melspectrogram_images\18.png,0,03
melspectrogram_images\19.png,0,03
melspectrogram_images\20.png,4,03
melspectrogram_images\21.png,4,03
melspectrogram_images\22.png,1,03
melspectrogram_images\23.png,6,03
melspectrogram_images\24.png,0,03
melspectrogram_images\25.png,4,03
melspectrogram_images\26.png,1,03
melspectrogram_images\27.png,6,03
melspectrogram_images\28.png,5,03
melspectrogram_images\29.png,0,03
melspectrogram_images\30.png,0,03
melspectrogram_images\31.png,3,03
melspectrogram_images\32.png,1,03
melspectrogram_images\33.png,6,03
melspectrogram_images\34.png,5,03
melspectrogram_images\35.png,0,03
melspectrogram_images\36.png,6,03
melspectrogram_images\37.png,5,03
melspectrogram_images\38.png,0,03
melspectrogram_images\39.png,1,03
melspectrogram_images\40.png,6,03
melspectrogram_images\41.png,5,03
melspectrogram_images\42.png,0,03
melspectrogram_images\43.png,3,03
melspectrogram_images\44.png,2,03
melspectrogram_images\45.png,6,03
melspectrogram_images\46.png,6,03
melspectrogram_images\47.png,0,03
melspectrogram_images\48.png,0,03
melspectrogram_images\49.png,3,08
melspectrogram_images\50.png,4,08
melspectrogram_images\51.png,1,08
melspectrogram_images\52.png,6,08
melspectrogram_images\53.png,0,08
melspectrogram_images\54.png,0,08
melspectrogram_images\55.png,3,08
melspectrogram_images\56.png,3,08
melspectrogram_images\57.png,4,08
melspectrogram_images\58.png,1,08
melspectrogram_images\59.png,6,08
melspectrogram_images\60.png,5,08
melspectrogram_images\61.png,0,08
melspectrogram_images\62.png,4,08
melspectrogram_images\63.png,1,08
melspectrogram_images\64.png,6,08
melspectrogram_images\65.png,5,08
melspectrogram_images\66.png,0,08
melspectrogram_images\67.png,4,08
melspectrogram_images\68.png,1,08
melspectrogram_images\69.png,6,08
melspectrogram_images\70.png,5,08
melspectrogram_images\71.png,0,08
melspectrogram_images\72.png,4,08
melspectrogram_images\73.png,1,08
melspectrogram_images\74.png,6,08
melspectrogram_images\75.png,5,08
melspectrogram_images\76.png,5,08
melspectrogram_images\77.png,0,08
melspectrogram_images\78.png,3,08
melspectrogram_images\79.png,4,08
melspectrogram_images\80.png,4,08
melspectrogram_images\81.png,1,08
melspectrogram_images\82.png,6,08
melspectrogram_images\83.png,0,08
melspectrogram_images\84.png,4,08
melspectrogram_images\85.png,1,08
melspectrogram_images\86.png,6,08
melspectrogram_images\87.png,5,08
melspectrogram_images\88.png,0,08
melspectrogram_images\89.png,4,08
melspectrogram_images\90.png,1,08
melspectrogram_images\91.png,6,08
melspectrogram_images\92.png,5,08
melspectrogram_images\93.png,0,08
melspectrogram_images\94.png,3,08
melspectrogram_images\95.png,4,08
melspectrogram_images\96.png,1,08
melspectrogram_images\97.png,6,08
melspectrogram_images\98.png,5,08
melspectrogram_images\99.png,0,08
melspectrogram_images\100.png,0,08
melspectrogram_images\101.png,3,08
melspectrogram_images\102.png,4,08
melspectrogram_images\103.png,1,08
melspectrogram_images\104.png,6,08
melspectrogram_images\105.png,5,08
melspectrogram_images\106.png,0,08
melspectrogram_images\188.png,3,11
melspectrogram_images\189.png,3,11
melspectrogram_images\190.png,1,11
melspectrogram_images\191.png,6,11
melspectrogram_images\192.png,0,11
melspectrogram_images\193.png,2,11
melspectrogram_images\194.png,4,11
melspectrogram_images\195.png,1,11
melspectrogram_images\196.png,6,11
melspectrogram_images\197.png,5,11
melspectrogram_images\198.png,0,11
melspectrogram_images\199.png,3,11
melspectrogram_images\200.png,4,11
melspectrogram_images\201.png,6,11
melspectrogram_images\202.png,0,11
melspectrogram_images\203.png,3,11
melspectrogram_images\204.png,4,11
melspectrogram_images\205.png,4,11
melspectrogram_images\206.png,1,11
melspectrogram_images\207.png,6,11
melspectrogram_images\208.png,5,11
melspectrogram_images\209.png,0,11
melspectrogram_images\210.png,3,11
melspectrogram_images\211.png,1,11
melspectrogram_images\212.png,5,11
melspectrogram_images\213.png,0,11
melspectrogram_images\214.png,3,11
melspectrogram_images\215.png,2,11
melspectrogram_images\216.png,4,11
melspectrogram_images\217.png,1,11
melspectrogram_images\218.png,6,11
melspectrogram_images\219.png,0,11
melspectrogram_images\220.png,3,11
melspectrogram_images\221.png,4,11
melspectrogram_images\222.png,6,11
melspectrogram_images\223.png,5,11
melspectrogram_images\224.png,0,11
melspectrogram_images\225.png,4,11
melspectrogram_images\226.png,1,11
melspectrogram_images\227.png,6,11
melspectrogram_images\228.png,5,11
melspectrogram_images\229.png,0,11
melspectrogram_images\230.png,0,11
melspectrogram_images\231.png,3,11
melspectrogram_images\232.png,4,11
melspectrogram_images\233.png,1,11
melspectrogram_images\234.png,6,11
melspectrogram_images\235.png,5,11
melspectrogram_images\236.png,0,11
melspectrogram_images\237.png,3,11
melspectrogram_images\238.png,3,11
melspectrogram_images\239.png,1,11
melspectrogram_images\240.png,6,11
melspectrogram_images\241.png,5,11
melspectrogram_images\242.png,0,11
melspectrogram_images\243.png,4,12
melspectrogram_images\244.png,1,12
melspectrogram_images\245.png,6,12
melspectrogram_images\246.png,0,12
melspectrogram_images\247.png,3,12
melspectrogram_images\248.png,2,12
melspectrogram_images\249.png,6,12
melspectrogram_images\250.png,0,12
melspectrogram_images\251.png,0,12
melspectrogram_images\252.png,0,12
melspectrogram_images\253.png,3,12
melspectrogram_images\254.png,1,12
melspectrogram_images\255.png,6,12
melspectrogram_images\256.png,5,12
melspectrogram_images\257.png,0,12
melspectrogram_images\258.png,3,12
melspectrogram_images\259.png,1,12
melspectrogram_images\260.png,0,12
melspectrogram_images\261.png,5,12
melspectrogram_images\262.png,0,12
melspectrogram_images\263.png,3,12
melspectrogram_images\264.png,2,12
melspectrogram_images\265.png,4,12
melspectrogram_images\266.png,6,12
melspectrogram_images\267.png,0,12
melspectrogram_images\268.png,0,12
melspectrogram_images\269.png,0,12
melspectrogram_images\270.png,1,12
melspectrogram_images\271.png,5,12
melspectrogram_images\272.png,3,12
melspectrogram_images\273.png,5,12
melspectrogram_images\274.png,0,12
melspectrogram_images\275.png,3,12
melspectrogram_images\276.png,1,12
melspectrogram_images\277.png,0,12
melspectrogram_images\278.png,3,13
melspectrogram_images\279.png,2,13
melspectrogram_images\280.png,2,13
melspectrogram_images\281.png,4,13
melspectrogram_images\282.png,1,13
melspectrogram_images\283.png,6,13
melspectrogram_images\284.png,0,13
melspectrogram_images\285.png,3,13
melspectrogram_images\286.png,2,13
melspectrogram_images\287.png,4,13
melspectrogram_images\288.png,1,13
melspectrogram_images\289.png,6,13
melspectrogram_images\290.png,5,13
melspectrogram_images\291.png,0,13
melspectrogram_images\292.png,3,13
melspectrogram_images\293.png,4,13
melspectrogram_images\294.png,1,13
melspectrogram_images\295.png,5,13
melspectrogram_images\296.png,0,13
melspectrogram_images\297.png,3,13
melspectrogram_images\298.png,2,13
melspectrogram_images\299.png,1,13
melspectrogram_images\300.png,6,13
melspectrogram_images\301.png,5,13
melspectrogram_images\302.png,0,13
melspectrogram_images\303.png,0,13
melspectrogram_images\304.png,4,13
melspectrogram_images\305.png,1,13
melspectrogram_images\306.png,6,13
melspectrogram_images\307.png,5,13
melspectrogram_images\308.png,0,13
melspectrogram_images\309.png,3,13
melspectrogram_images\310.png,2,13
melspectrogram_images\311.png,4,13
melspectrogram_images\312.png,1,13
melspectrogram_images\313.png,6,13
melspectrogram_images\314.png,0,13
melspectrogram_images\315.png,4,13
melspectrogram_images\316.png,1,13
melspectrogram_images\317.png,6,13
melspectrogram_images\318.png,0,13
melspectrogram_images\319.png,3,13
melspectrogram_images\320.png,2,13
melspectrogram_images\321.png,4,13
melspectrogram_images\322.png,1,13
melspectrogram_images\323.png,6,13
melspectrogram_images\324.png,5,13
melspectrogram_images\325.png,0,13
melspectrogram_images\326.png,3,13
melspectrogram_images\327.png,2,13
melspectrogram_images\328.png,4,13
melspectrogram_images\329.png,4,13
melspectrogram_images\330.png,1,13
melspectrogram_images\331.png,6,13
melspectrogram_images\332.png,0,13
melspectrogram_images\333.png,2,13
melspectrogram_images\334.png,4,13
melspectrogram_images\335.png,1,13
melspectrogram_images\336.png,6,13
melspectrogram_images\337.png,0,13
melspectrogram_images\338.png,0,13
melspectrogram_images\339.png,3,14
melspectrogram_images\340.png,3,14
melspectrogram_images\341.png,2,14
melspectrogram_images\342.png,6,14
melspectrogram_images\343.png,0,14
melspectrogram_images\344.png,0,14
melspectrogram_images\345.png,3,14
melspectrogram_images\346.png,2,14
melspectrogram_images\347.png,4,14
melspectrogram_images\348.png,1,14
melspectrogram_images\349.png,6,14
melspectrogram_images\350.png,5,14
melspectrogram_images\351.png,0,14
melspectrogram_images\352.png,0,14
melspectrogram_images\353.png,3,14
melspectrogram_images\354.png,2,14
melspectrogram_images\355.png,1,14
melspectrogram_images\356.png,5,14
melspectrogram_images\357.png,5,14
melspectrogram_images\358.png,0,14
melspectrogram_images\359.png,0,14
melspectrogram_images\360.png,3,14
melspectrogram_images\361.png,3,14
melspectrogram_images\362.png,4,14
melspectrogram_images\363.png,4,14
melspectrogram_images\364.png,1,14
melspectrogram_images\365.png,6,14
melspectrogram_images\366.png,5,14
melspectrogram_images\367.png,5,14
melspectrogram_images\368.png,0,14
melspectrogram_images\369.png,0,14
melspectrogram_images\370.png,3,14
melspectrogram_images\371.png,2,14
melspectrogram_images\372.png,4,14
melspectrogram_images\373.png,1,14
melspectrogram_images\374.png,1,14
melspectrogram_images\375.png,6,14
melspectrogram_images\376.png,5,14
melspectrogram_images\377.png,0,14
melspectrogram_images\378.png,3,14
melspectrogram_images\379.png,2,14
melspectrogram_images\380.png,4,14
melspectrogram_images\381.png,4,14
melspectrogram_images\382.png,6,14
melspectrogram_images\383.png,0,14
melspectrogram_images\384.png,3,14
melspectrogram_images\385.png,4,14
melspectrogram_images\386.png,6,14
melspectrogram_images\387.png,5,14
melspectrogram_images\388.png,0,14
melspectrogram_images\389.png,0,14
melspectrogram_images\390.png,3,14
melspectrogram_images\391.png,2,14
melspectrogram_images\392.png,1,14
melspectrogram_images\393.png,5,14
melspectrogram_images\394.png,0,14
melspectrogram_images\395.png,3,14
melspectrogram_images\396.png,2,14
melspectrogram_images\397.png,4,14
melspectrogram_images\398.png,1,14
melspectrogram_images\399.png,5,14
melspectrogram_images\400.png,0,14
melspectrogram_images\401.png,0,14
melspectrogram_images\402.png,3,14
melspectrogram_images\403.png,2,14
melspectrogram_images\404.png,1,14
melspectrogram_images\405.png,6,14
melspectrogram_images\406.png,5,14
melspectrogram_images\407.png,0,14
melspectrogram_images\408.png,2,15
melspectrogram_images\409.png,4,15
melspectrogram_images\410.png,1,15
melspectrogram_images\411.png,6,15
melspectrogram_images\412.png,0,15
melspectrogram_images\413.png,3,15
melspectrogram_images\414.png,2,15
melspectrogram_images\415.png,1,15
melspectrogram_images\416.png,6,15
melspectrogram_images\417.png,5,15
melspectrogram_images\418.png,0,15
melspectrogram_images\419.png,0,15
melspectrogram_images\420.png,3,15
melspectrogram_images\421.png,3,15
melspectrogram_images\422.png,4,15
melspectrogram_images\423.png,6,15
melspectrogram_images\424.png,0,15
melspectrogram_images\425.png,0,15
melspectrogram_images\426.png,2,15
melspectrogram_images\427.png,4,15
melspectrogram_images\428.png,1,15
melspectrogram_images\429.png,6,15
melspectrogram_images\430.png,0,15
melspectrogram_images\431.png,3,15
melspectrogram_images\432.png,2,15
melspectrogram_images\433.png,4,15
melspectrogram_images\434.png,4,15
melspectrogram_images\435.png,1,15
melspectrogram_images\436.png,6,15
melspectrogram_images\437.png,2,15
melspectrogram_images\438.png,1,15
melspectrogram_images\439.png,6,15
melspectrogram_images\440.png,0,15
melspectrogram_images\441.png,3,15
melspectrogram_images\442.png,1,15
melspectrogram_images\443.png,6,15
melspectrogram_images\444.png,5,15
melspectrogram_images\445.png,0,15
melspectrogram_images\446.png,0,15
melspectrogram_images\447.png,3,15
melspectrogram_images\448.png,1,15
melspectrogram_images\449.png,6,15
melspectrogram_images\450.png,5,15
melspectrogram_images\451.png,0,15
melspectrogram_images\452.png,0,15
melspectrogram_images\453.png,3,15
melspectrogram_images\454.png,4,15
melspectrogram_images\455.png,1,15
melspectrogram_images\456.png,6,15
melspectrogram_images\457.png,5,15
melspectrogram_images\458.png,0,15
melspectrogram_images\459.png,3,15
melspectrogram_images\460.png,1,15
melspectrogram_images\461.png,6,15
melspectrogram_images\462.png,6,15
melspectrogram_images\463.png,0,15
melspectrogram_images\464.png,2,16
melspectrogram_images\465.png,4,16
melspectrogram_images\466.png,1,16
melspectrogram_images\467.png,6,16
melspectrogram_images\468.png,5,16
melspectrogram_images\469.png,0,16
melspectrogram_images\470.png,2,16
melspectrogram_images\471.png,2,16
melspectrogram_images\472.png,1,16
melspectrogram_images\473.png,6,16
melspectrogram_images\474.png,5,16
melspectrogram_images\475.png,0,16
melspectrogram_images\476.png,3,16
melspectrogram_images\477.png,2,16
melspectrogram_images\478.png,4,16
melspectrogram_images\479.png,1,16
melspectrogram_images\480.png,1,16
melspectrogram_images\481.png,6,16
melspectrogram_images\482.png,5,16
melspectrogram_images\483.png,0,16
melspectrogram_images\484.png,0,16
melspectrogram_images\485.png,3,16
melspectrogram_images\486.png,2,16
melspectrogram_images\487.png,4,16
melspectrogram_images\488.png,1,16
melspectrogram_images\489.png,5,16
melspectrogram_images\490.png,0,16
melspectrogram_images\491.png,0,16
melspectrogram_images\492.png,2,16
melspectrogram_images\493.png,4,16
melspectrogram_images\494.png,4,16
melspectrogram_images\495.png,1,16
melspectrogram_images\496.png,1,16
melspectrogram_images\497.png,6,16
melspectrogram_images\498.png,5,16
melspectrogram_images\499.png,0,16
melspectrogram_images\500.png,3,16
melspectrogram_images\501.png,2,16
melspectrogram_images\502.png,4,16
melspectrogram_images\503.png,1,16
melspectrogram_images\504.png,1,16
melspectrogram_images\505.png,5,16
melspectrogram_images\506.png,0,16
melspectrogram_images\507.png,0,16
melspectrogram_images\508.png,3,16
melspectrogram_images\509.png,2,16
melspectrogram_images\510.png,4,16
melspectrogram_images\511.png,1,16
melspectrogram_images\512.png,0,16
melspectrogram_images\513.png,3,16
melspectrogram_images\514.png,2,16
melspectrogram_images\515.png,4,16
melspectrogram_images\516.png,4,16
melspectrogram_images\517.png,1,16
melspectrogram_images\518.png,6,16
melspectrogram_images\519.png,5,16
melspectrogram_images\520.png,0,16
melspectrogram_images\521.png,3,16
melspectrogram_images\522.png,2,16
melspectrogram_images\523.png,4,16
melspectrogram_images\524.png,1,16
melspectrogram_images\525.png,1,16
melspectrogram_images\526.png,0,16
melspectrogram_images\527.png,3,16
melspectrogram_images\528.png,2,16
melspectrogram_images\529.png,4,16
melspectrogram_images\530.png,1,16
melspectrogram_images\531.png,5,16
melspectrogram_images\532.png,5,16
melspectrogram_images\533.png,0,16
melspectrogram_images\534.png,0,16
